{
  "(2.0, 13.0)": {
    "conductivity": 0.6372411271544997,
    "temperature": 0.08565634406238498,
    "depth": 0.8697213727079922,
    "sensor": [
      2.0,
      13.0
    ]
  },
  "(3.0, 7.0)": {
    "ph": 0.32066036885751537,
    "dissolved_oxygen": 0.5866068110016771,
    "nutrient_levels": 0.14933326717900974,
    "sensor": [
      3.0,
      7.0
    ]
  },
  "(18.0, 6.0)": {
    "plankton_levels": 0.7200229490573048,
    "sensor": [
      18.0,
      6.0
    ]
  },
  "(27.0, 5.0)": {
    "oxygen": 0.8700546568573401,
    "carbon_dioxide": 0.3159618265339078,
    "methane": 0.2600204332716044,
    "sensor": [
      27.0,
      5.0
    ]
  },
  "(28.0, 6.0)": {
    "conductivity": 0.8569486412860555,
    "temperature": 0.8997384186162861,
    "depth": 0.30497446130539785,
    "sensor": [
      28.0,
      6.0
    ]
  },
  "(29.0, 12.0)": {
    "plankton_levels": 0.30404728738224707,
    "sensor": [
      29.0,
      12.0
    ]
  },
  "(17.0, 9.0)": {
    "oxygen": 0.49365399896617335,
    "carbon_dioxide": 0.8911185832979316,
    "methane": 0.19126769813375877,
    "sensor": [
      17.0,
      9.0
    ]
  },
  "(19.0, 0.0)": {
    "ph": 0.04450731465360536,
    "dissolved_oxygen": 0.49020227391896964,
    "nutrient_levels": 0.6369817393050405,
    "sensor": [
      19.0,
      0.0
    ]
  }
}